CAUSABAS,count
A039,1
A040,3
A047,2
A048,2
A049,31
A060,1
A064,1
A084,2
A085,5
A090,35
A099,71
A150,4
A153,19
A156,1
A159,7
A160,1
A161,1
A162,47
A168,1
A169,19
A170,2
A179,1
A181,1
A183,2
A199,3
A268,1
A270,2
A278,1
A279,6
A304,1
A309,2
A310,1
A35,2
A390,10
A408,1
A409,1
A412,1
A418,75
A419,493
A449,1
A46,70
A483,1
A488,3
A499,4
A502,4
A521,1
A539,1
A850,1
A86,2
A870,2
A920,2
A94,1
A971,4
A972,1
A979,3
B028,2
B029,3
B161,1
B162,1
B169,1
B171,2
B181,3
B182,6
B190,2
B199,1
B200,25
B201,21
B203,2
B206,16
B207,54
B208,11
B209,2
B210,4
B213,1
B217,1
B218,1
B220,2
B222,3
B227,7
B230,1
B238,1
B24,9
B260,1
B342,28
B349,3
B377,2
B441,1
B485,1
B550,2
B572,77
B573,6
B574,1
B575,1
B588,1
B650,2
B651,17
B658,1
B659,15
B878,1
B889,1
B89,1
B909,3
B948,1
B99,1
C01,9
C028,1
C029,16
C039,1
C049,5
C059,5
C068,1
C069,19
C07,7
C080,1
C089,2
C098,1
C099,3
C108,2
C109,34
C118,1
C119,3
C130,1
C140,7
C148,1
C150,2
C151,1
C152,1
C153,1
C154,2
C158,1
C159,60
C160,5
C161,1
C162,1
C168,3
C169,140
C170,11
C179,15
C180,4
C181,1
C182,1
C183,1
C184,1
C186,1
C187,9
C188,8
C189,73
C19,17
C20,55
C210,1
C211,6
C218,4
C220,29
C221,26
C222,1
C224,1
C229,105
C23,18
C240,4
C241,1
C248,1
C249,17
C250,21
C252,3
C254,1
C258,1
C259,104
C260,19
C261,1
C268,1
C269,10
C310,3
C319,1
C321,2
C328,2
C329,41
C33,1
C340,10
C341,5
C342,2
C343,2
C348,3
C349,299
C37,1
C380,1
C383,5
C384,5
C388,2
C403,1
C409,7
C411,2
C412,4
C414,1
C418,1
C419,17
C436,1
C437,1
C439,14
C443,2
C444,1
C448,1
C449,47
C451,1
C469,2
C479,1
C480,6
C482,22
C488,2
C490,2
C491,1
C492,2
C493,3
C494,1
C496,1
C499,12
C500,6
C501,1
C508,8
C509,239
C518,2
C519,1
C52,2
C530,1
C538,5
C539,128
C541,26
C548,1
C549,5
C55,25
C56,48
C579,4
C609,10
C61,223
C629,5
C64,48
C65,1
C670,1
C678,1
C679,41
C692,1
C699,2
C700,1
C710,28
C711,1
C715,1
C716,5
C717,6
C718,2
C719,49
C720,3
C723,1
C729,8
C73,12
C749,4
C751,1
C753,1
C759,5
C760,20
C761,1
C762,17
C763,3
C767,6
C768,11
C770,1
C771,1
C779,2
C780,13
C785,2
C786,5
C787,9
C788,4
C790,3
C791,1
C792,3
C793,5
C794,1
C795,5
C797,1
C798,17
C799,9
C80,36
C800,2
C809,65
C819,5
C829,4
C831,1
C833,6
C837,1
C838,1
C839,2
C841,1
C845,4
C851,5
C859,20
C860,1
C880,1
C900,44
C910,15
C911,12
C915,2
C919,3
C920,31
C921,3
C924,1
C925,1
C927,1
C929,1
C931,1
C950,7
C959,12
C97,1
D069,1
D072,1
D124,1
D143,5
D161,1
D165,1
D172,1
D181,1
D259,3
D291,1
D320,3
D331,1
D339,2
D350,1
D352,2
D361,1
D370,1
D372,1
D374,1
D376,2
D377,1
D379,4
D381,2
D383,2
D386,3
D390,3
D399,1
D414,1
D430,4
D431,1
D432,6
D439,5
D443,2
D45,1
D460,1
D469,12
D471,5
D479,3
D487,2
D489,4
D500,5
D509,1
D539,3
D570,2
D571,8
D593,3
D609,1
D611,1
D618,2
D619,3
D62,2
D641,1
D648,2
D649,31
D65,6
D683,1
D689,3
D691,2
D693,1
D696,11
D70,1
D728,1
D738,1
D759,2
D763,1
D848,2
D849,9
D860,1
D899,4
E031,1
E035,1
E039,6
E048,1
E059,2
E100,5
E101,16
E102,8
E105,10
E106,1
E107,17
E108,5
E109,46
E110,20
E111,9
E112,33
E114,1
E115,17
E116,7
E117,25
E118,9
E119,228
E121,1
E126,10
E127,2
E128,1
E131,4
E136,1
E140,10
E141,83
E142,113
E143,2
E144,3
E145,66
E146,15
E147,62
E148,31
E149,409
E162,5
E242,1
E249,1
E259,1
E40,2
E41,2
E43,38
E440,3
E441,1
E46,32
E512,2
E52,2
E648,1
E649,1
E668,11
E669,45
E702,1
E711,1
E725,1
E730,1
E748,1
E754,1
E769,2
E780,2
E782,1
E785,1
E788,12
E789,6
E805,1
E807,1
E831,2
E834,1
E835,8
E840,3
E841,1
E854,4
E859,2
E86,28
E870,12
E871,8
E872,14
E874,3
E875,4
E876,4
E878,16
E880,2
E888,2
E889,13
F03,13
F059,1
F101,4
F102,115
F104,2
F105,1
F107,2
F108,2
F109,8
F112,1
F122,1
F171,4
F172,31
F179,9
F189,1
F191,1
F199,1
F200,1
F205,1
F209,5
F230,1
F239,2
F322,3
F329,6
F333,1
F339,1
F419,1
F429,1
F445,1
F508,1
F728,1
F729,1
F799,1
F99,3
G001,6
G002,2
G009,2
G038,1
G039,2
G040,1
G041,1
G048,1
G049,8
G060,1
G062,1
G09,2
G10,2
G112,2
G122,15
G129,1
G20,58
G210,1
G231,3
G238,2
G300,1
G301,6
G308,3
G309,232
G310,2
G311,3
G312,7
G318,1
G319,1
G35,3
G400,1
G402,2
G404,1
G405,5
G408,3
G409,46
G410,4
G412,1
G418,2
G419,9
G527,1
G603,1
G609,2
G610,5
G700,2
G710,1
G711,1
G728,1
G729,1
G800,2
G809,43
G822,1
G909,1
G912,1
G919,10
G930,2
G931,9
G932,3
G934,11
G935,1
G936,5
G938,4
G939,5
G952,1
G969,1
H448,1
H602,1
H669,1
H709,1
I00,4
I018,1
I019,3
I050,5
I051,1
I052,1
I059,3
I060,1
I062,2
I069,2
I071,2
I080,4
I081,1
I089,7
I091,1
I099,3
I10,678
I110,296
I119,232
I120,67
I129,3
I130,4
I131,9
I132,24
I139,2
I200,12
I209,2
I210,37
I211,3
I212,1
I213,8
I214,4
I219,1550
I220,2
I229,3
I248,12
I249,46
I250,6
I251,79
I254,1
I255,95
I256,2
I258,27
I259,61
I260,5
I269,122
I270,15
I272,2
I279,6
I280,1
I300,1
I301,2
I312,1
I313,5
I319,10
I330,14
I339,1
I340,12
I341,1
I349,9
I350,21
I351,9
I352,2
I358,2
I359,4
I361,1
I38,14
I409,2
I420,58
I421,2
I422,38
I424,1
I426,11
I428,4
I429,24
I440,2
I441,2
I442,28
I443,3
I447,1
I451,1
I458,1
I459,1
I461,45
I471,8
I472,4
I479,1
I480,3
I481,1
I482,1
I489,55
I490,7
I495,2
I498,4
I499,38
I500,147
I501,61
I509,315
I510,1
I511,1
I514,1
I516,6
I517,11
I518,3
I519,35
I601,2
I602,1
I604,1
I607,4
I608,4
I609,63
I610,1
I612,3
I614,1
I615,1
I616,3
I618,7
I619,233
I620,8
I629,11
I630,2
I633,1
I634,1
I635,4
I636,1
I639,23
I64,882
I670,1
I671,4
I672,2
I674,4
I677,1
I678,286
I679,2
I690,16
I691,9
I692,1
I693,19
I694,320
I698,33
I702,5
I709,24
I710,18
I711,13
I712,1
I713,17
I714,7
I715,1
I718,3
I719,8
I720,1
I724,1
I729,1
I738,4
I739,28
I742,2
I743,11
I744,3
I745,1
I748,3
I749,18
I770,2
I771,1
I778,1
I779,1
I801,2
I802,22
I820,2
I822,3
I828,3
I829,4
I830,2
I832,6
I839,1
I850,9
I859,9
I864,2
I871,2
I872,7
I890,2
I891,2
I899,1
I958,2
I959,3
I99,2
J019,1
J028,1
J039,1
J040,1
J041,1
J069,5
J100,2
J101,3
J108,1
J110,7
J111,4
J118,4
J128,2
J129,8
J13,1
J150,3
J151,1
J156,1
J158,6
J159,214
J168,1
J180,258
J181,7
J182,1
J188,7
J189,1004
J218,1
J219,9
J22,13
J340,1
J36,1
J398,1
J40,1
J410,1
J42,4
J438,3
J439,12
J440,291
J441,89
J448,15
J449,238
J459,45
J46,4
J47,1
J60,1
J620,1
J64,2
J660,1
J678,2
J680,1
J689,1
J690,145
J698,7
J709,1
J80,5
J81,62
J840,1
J841,12
J848,2
J849,1
J851,1
J860,2
J869,5
J90,27
J931,1
J939,2
J960,60
J961,2
J969,35
J980,8
J981,2
J984,20
J985,2
J988,34
J989,10
K121,1
K20,6
K219,3
K220,1
K222,2
K223,1
K250,1
K251,4
K252,2
K254,8
K255,4
K256,1
K259,2
K260,1
K271,3
K272,3
K274,2
K275,4
K276,1
K279,1
K286,1
K290,2
K295,2
K296,1
K299,1
K315,1
K319,1
K352,8
K358,7
K37,1
K403,12
K409,4
K419,1
K420,5
K429,2
K430,1
K431,1
K439,1
K440,1
K449,3
K450,1
K460,8
K461,1
K469,4
K501,1
K509,1
K510,1
K513,1
K519,3
K529,9
K550,24
K551,2
K559,6
K560,6
K561,2
K562,5
K564,12
K565,7
K566,87
K567,1
K570,2
K571,5
K572,5
K573,2
K574,2
K575,1
K578,5
K579,11
K590,11
K593,3
K598,1
K599,2
K605,1
K611,2
K612,1
K625,1
K628,1
K630,2
K631,4
K632,5
K639,1
K641,1
K649,1
K650,9
K658,5
K659,14
K660,2
K661,2
K668,4
K700,7
K701,17
K702,9
K703,104
K704,34
K709,56
K710,2
K718,1
K719,2
K720,12
K721,13
K729,57
K730,2
K738,1
K739,22
K740,9
K743,1
K745,3
K746,107
K750,5
K759,7
K760,3
K761,1
K762,30
K764,1
K766,7
K767,17
K768,12
K769,61
K800,5
K801,2
K802,13
K803,2
K804,4
K805,4
K808,5
K810,10
K818,1
K819,12
K820,2
K829,3
K830,28
K831,13
K850,2
K851,2
K858,5
K859,27
K860,4
K861,3
K863,1
K869,1
K904,1
K909,1
K920,102
K921,11
K922,139
K929,35
L020,1
L023,1
L024,1
L029,3
L031,5
L038,2
L039,3
L080,2
L089,90
L100,1
L119,1
L120,1
L26,1
L401,1
L405,1
L890,9
L891,4
L892,1
L899,54
L930,2
L959,2
L97,9
L984,1
L988,1
L989,5
M009,4
M069,1
M139,1
M199,1
M311,4
M319,1
M321,12
M328,1
M350,1
M431,1
M462,2
M463,1
M465,1
M469,2
M479,1
M489,1
M500,1
M501,1
M509,1
M549,1
M609,1
M623,39
M625,14
M628,14
M629,8
M722,2
M726,1
M798,1
M805,1
M819,3
M844,2
M868,1
M869,11
M930,1
M949,1
N000,1
N009,4
N038,1
N039,24
N10,12
N111,1
N118,1
N119,2
N12,8
N130,1
N132,1
N139,3
N151,1
N170,4
N179,95
N184,1
N185,33
N189,78
N19,25
N200,5
N201,1
N209,1
N281,3
N288,1
N289,8
N300,6
N309,6
N320,1
N340,1
N359,1
N360,2
N369,1
N390,337
N398,1
N399,8
N40,26
N429,2
N459,1
N492,1
N498,4
N710,1
N739,4
N760,1
N768,2
N809,1
N828,1
N939,1
O001,1
O021,1
O13,2
O141,3
O149,1
O159,3
O16,1
O230,1
O243,1
O244,2
O411,1
O432,1
O622,1
O721,1
O722,1
O862,1
O868,1
O879,1
O882,1
O888,1
O903,1
O960,1
O969,1
O985,1
O990,1
O994,1
O995,1
O997,1
O998,1
P000,9
P001,10
P002,1
P003,1
P007,1
P009,1
P010,2
P011,5
P012,1
P015,4
P019,1
P020,1
P021,5
P023,1
P024,1
P025,1
P027,4
P031,1
P032,1
P035,2
P038,2
P039,1
P059,1
P070,11
P072,4
P073,3
P159,1
P200,1
P209,8
P210,2
P219,12
P220,41
P228,1
P229,18
P239,3
P240,4
P243,2
P249,2
P250,1
P251,2
P268,1
P269,5
P271,1
P279,1
P280,1
P281,1
P285,4
P288,1
P289,1
P290,3
P291,2
P293,1
P360,1
P362,1
P365,1
P368,2
P369,65
P375,1
P379,1
P392,1
P399,2
P529,1
P559,1
P569,1
P60,1
P77,14
P780,3
P781,1
P832,1
P960,7
P968,25
P969,5
Q000,11
Q012,1
Q019,2
Q02,2
Q031,1
Q039,5
Q040,2
Q049,2
Q054,1
Q059,2
Q061,1
Q070,1
Q079,1
Q200,1
Q201,3
Q203,1
Q209,2
Q210,1
Q211,2
Q212,2
Q213,3
Q218,1
Q219,1
Q220,1
Q223,1
Q224,1
Q234,3
Q244,1
Q248,5
Q249,35
Q250,2
Q251,1
Q252,1
Q256,1
Q264,1
Q282,1
Q321,1
Q336,5
Q359,1
Q379,1
Q390,2
Q391,1
Q419,1
Q423,1
Q439,2
Q441,1
Q442,1
Q600,1
Q602,2
Q606,1
Q613,3
Q621,1
Q769,1
Q789,1
Q790,6
Q793,6
Q799,1
Q819,1
Q850,2
Q873,1
Q878,2
Q897,7
Q898,2
Q899,8
Q909,6
Q913,1
R000,1
R001,1
R049,2
R060,1
R074,1
R092,45
R100,19
R104,1
R14,1
R179,1
R190,1
R31,1
R402,1
R418,3
R509,1
R54,32
R568,2
R570,30
R571,4
R572,7
R578,9
R579,6
R58,1
R590,1
R619,1
R64,2
R652,3
R688,9
R959,2
R960,30
R961,36
R98,19
R99,584
V021,1
V029,4
V031,39
V039,4
V041,6
V049,3
V091,1
V093,23
V099,3
V124,4
V125,1
V129,2
V134,2
V135,1
V139,2
V144,1
V149,2
V184,1
V189,4
V194,1
V196,2
V204,15
V205,1
V209,6
V224,29
V225,1
V229,12
V230,1
V234,82
V235,3
V239,28
V244,5
V245,2
V249,7
V264,1
V274,23
V279,17
V284,27
V285,2
V289,94
V292,1
V294,7
V295,1
V296,2
V299,39
V345,1
V360,1
V399,1
V409,2
V425,1
V429,1
V434,5
V435,9
V436,1
V439,14
V445,3
V446,1
V449,6
V474,3
V475,3
V479,3
V483,1
V485,5
V486,2
V489,13
V494,1
V499,2
V539,4
V564,1
V645,1
V649,3
V685,3
V689,2
V746,1
V776,1
V799,1
V800,2
V804,1
V809,1
V874,1
V879,1
V892,43
V899,8
V918,1
V926,1
V99,20
W010,7
W011,1
W014,2
W019,92
W059,1
W060,4
W061,1
W069,1
W070,1
W089,3
W098,1
W100,2
W104,1
W109,4
W119,1
W129,2
W133,1
W134,3
W138,1
W139,4
W149,1
W177,1
W179,5
W180,7
W189,72
W190,5
W199,17
W209,6
W319,1
W349,1
W498,1
W509,1
W559,2
W690,1
W694,1
W698,39
W699,33
W701,2
W709,2
W739,1
W748,1
W749,5
W759,1
W778,1
W780,7
W782,1
W789,16
W790,7
W791,1
W792,1
W795,1
W798,1
W799,40
W800,1
W809,2
W840,2
W849,36
W870,6
W874,2
W878,1
W879,26
X080,1
X090,2
X099,15
X239,2
X429,2
X498,1
X499,1
X599,23
X610,1
X640,2
X649,16
X659,1
X688,2
X689,13
X699,2
X700,33
X704,1
X705,1
X708,3
X709,73
X719,2
X720,1
X724,1
X729,3
X740,1
X744,1
X749,3
X760,1
X769,3
X780,1
X789,2
X800,1
X804,1
X809,4
X814,1
X838,1
X840,3
X849,8
X909,2
X910,6
X911,1
X914,3
X919,10
X928,1
X938,1
X939,2
X950,73
X951,1
X952,1
X954,639
X955,1
X957,1
X958,1
X959,112
X970,1
X974,1
X990,14
X992,1
X994,42
X995,1
X998,1
X999,73
Y000,6
Y004,6
Y009,83
Y044,1
Y048,1
Y049,2
Y069,1
Y084,1
Y094,1
Y099,16
Y109,1
Y110,1
Y124,1
Y129,1
Y149,1
Y159,8
Y189,2
Y199,1
Y200,2
Y204,1
Y209,9
Y269,1
Y290,2
Y294,1
Y295,1
Y299,123
Y348,1
Y349,68
Y350,6
Y354,3
Y434,1
Y579,1
Y609,1
Y830,1
Y831,9
Y834,8
Y835,11
Y836,7
Y838,46
Y839,7
Y840,1
Y841,1
Y848,3
Y850,1
Y86,1
Y880,2
Y883,2
