CODMUNRES,count
270010,141
270020,124
270030,1751
270040,269
270050,129
270060,54
270070,119
270080,43
270090,39
270100,179
270110,68
270120,79
270130,139
270135,42
270140,206
270150,74
270160,117
270170,93
270180,63
270190,52
270200,97
270210,124
270220,42
270230,381
270235,185
270240,390
270250,80
270255,147
270260,165
270270,33
270280,63
270290,256
270300,105
270310,200
270320,158
270330,118
270340,35
270350,36
270360,80
270370,39
270375,46
270380,144
270390,33
270400,173
270410,148
270420,179
270430,6981
270440,146
270450,184
270460,63
270470,433
270480,104
270490,21
270500,134
270510,203
270520,96
270530,40
270540,46
270550,177
270560,60
270570,128
270580,46
270590,34
270600,94
270610,77
270620,39
270630,621
270640,187
270642,75
270644,99
270650,86
270660,52
270670,426
270680,142
270690,256
270700,11
270710,139
270720,72
270730,178
270740,57
270750,139
270760,80
270770,661
270780,43
270790,65
270800,343
270810,72
270820,45
270830,124
270840,191
270850,215
270860,393
270870,58
270880,220
270890,129
270895,96
270900,39
270910,159
270915,278
270920,144
270930,496
270940,201
