IDADE,count
003,2
005,6
009,1
010,3
013,1
017,1
020,3
022,1
023,2
024,1
025,1
026,1
029,3
030,2
042,1
045,1
050,3
052,1
053,1
055,1
058,1
059,1
101,28
102,13
103,4
104,7
105,6
106,3
107,7
108,3
109,3
111,1
113,2
114,3
115,2
116,3
118,3
120,1
122,2
123,1
200,2
201,56
202,30
203,27
204,16
205,14
206,16
207,13
208,5
209,9
210,3
211,7
212,5
213,6
214,2
215,6
216,5
217,4
218,8
219,5
220,2
221,4
222,3
223,3
224,1
225,4
226,4
227,2
228,2
229,1
301,61
302,33
303,17
304,11
305,9
306,7
307,12
308,14
309,4
310,3
311,7
401,43
402,18
403,17
404,12
405,9
406,14
407,16
408,6
409,12
410,10
411,10
412,16
413,15
414,22
415,36
416,59
417,61
418,77
419,69
420,97
421,88
422,90
423,125
424,122
425,116
426,91
427,120
428,114
429,100
430,118
431,103
432,101
433,103
434,101
435,130
436,107
437,146
438,117
439,154
440,128
441,145
442,159
443,154
444,165
445,177
446,205
447,198
448,218
449,194
450,239
451,225
452,250
453,243
454,246
455,259
456,280
457,296
458,312
459,294
460,324
461,400
462,406
463,378
464,404
465,448
466,420
467,456
468,414
469,465
470,446
471,485
472,494
473,509
474,495
475,483
476,485
477,548
478,494
479,483
480,507
481,531
482,450
483,415
484,434
485,468
486,378
487,382
488,327
489,327
490,328
491,258
492,226
493,196
494,187
495,178
496,112
497,97
498,78
499,56
500,59
501,37
502,22
503,16
504,15
505,19
506,13
507,17
508,12
509,11
510,6
511,2
512,4
513,1
515,1
999,4
